{
	"format_version": "1.8.0",
	"animations": {
		"idle": {
			"animation_length": 9.33333,
			"bones": {
				"bone": {
					"rotation": {
						"0.375": {
							"vector": [0, 0, 0]
						},
						"0.5833": {
							"vector": [-5.9, 0, 0]
						},
						"0.8333": {
							"vector": [3, 0, 0]
						},
						"1.0417": {
							"vector": [-1, 0, 0]
						},
						"1.2083": {
							"vector": [0, 0, 0]
						}
					},
					"position": {
						"7.2917": {
							"vector": [0, 0, 0]
						},
						"7.375": {
							"vector": [0, 0.2, 0]
						},
						"7.5417": {
							"vector": [0, 0.4, 0]
						},
						"7.6667": {
							"vector": [0, 0, 0]
						}
					}
				},
				"eyeBone": {
					"rotation": {
						"0.0": {
							"vector": [0, 0, 0]
						},
						"2.4167": {
							"vector": [0, 0, 0],
							"easing": "easeInExpo"
						},
						"3.5833": {
							"vector": [-57.34676, 76.67024, -57.37626]
						},
						"4.875": {
							"vector": [-172.5, 60, -180]
						},
						"5.5417": {
							"vector": [-175.94448, 22.66159, -184.93969]
						},
						"6.0833": {
							"vector": [-180, 0, -180]
						},
						"6.3333": {
							"vector": [-90, 0, -180]
						},
						"7.0833": {
							"vector": [-90, 0, -180]
						},
						"8.2083": {
							"vector": [0, 0, -180]
						},
						"9.3333": {
							"vector": [0, 0, 0]
						}
					},
					"position": {
						"0.0": {
							"vector": [0, 1, 0]
						},
						"0.75": {
							"vector": [0, 1.5, 1],
							"easing": "easeInElastic"
						},
						"2.2083": {
							"vector": [0, 1, 0],
							"easing": "easeInBounce"
						},
						"6.3333": {
							"vector": [0, 1, -0.35]
						},
						"7.0833": {
							"vector": [0, 2, -0.41]
						},
						"7.2083": {
							"vector": [0, 2.4, -0.42]
						},
						"7.375": {
							"vector": [0, 2, -0.44]
						},
						"7.5417": {
							"vector": [0, 2.1, -0.45]
						},
						"7.75": {
							"vector": [0, 2, -0.47]
						},
						"8.0833": {
							"vector": [0, 1, -0.5]
						},
						"9.3333": {
							"vector": [0, 1, 0]
						}
					}
				}
			}
		}
	},
	"geckolib_format_version": 2
}